[
{"title": "2019年2月20日北京国际会议中心首场中高级人才综合洽谈会", "start_time": "开始时间： 2019-02-20", "end_time": "结束时间： 2019-02-20", "city": "招聘城市： 北京", "address": "详细地址： 北京国际会议中心（二层）", "url": "https://www.bjzph.com/gaojirencaiqiatanhui/20181214/297019.html", "detail": "北京国际会议中心首场中高级人才综合洽谈会邀请函各有关单位：为促进高层次人才资源在全国范围内的合理流动和有效配置，由北京招聘会信息网（www.bjzph.com）主办的”全国中高级人才洽谈会”定于2019年2月20日在北京国际会议中心举办。诚邀贵单位报名参会揽才、欢迎全国各市人才服务中心和人才机构组团参加！现将有关事项通知如下。主办单位：北京伯纳汇才人力资源顾问有限公司北京伯纳汇才企业管理咨询有限公司官方网站：www.bjzph.com一、基本内容:(一)大会时间：2019年2月20日（周三）(9:00～14:00)(二)大会地点：北京国际会议中心（二层）地 址：北京市朝阳区北辰东路8号(三)大会主题：中高级人才综合定期招聘会(四)参会单位：全国各省市高校以及企事业单位(五)参会人员资质：有志于从事高等教育和科研工作的具有博士学位人员及博士后人员及本科有工作经验人员。(六)参会人员组织办法：大会的举办采取全国定向邀请、全国广告宣传、校园宣讲等形式，吸引高层次人才参会。（七）会议规模：邀请50—70家参会单位，1000—2000参会求职者。（八）合作媒体：北京招聘会网、招聘会网、大学生网、百度百聘、百度搜索、360搜索、今日头条、智联招聘、58同城、赶集网、北京招聘会网公众号、各大高校就业网等。（九）后续招聘会时间安排：2019年3月 2 日（周六）(9:00～14:00)2019年3月16日（周六）(9:00～14:00)2019年3月22日（周五）(9:00～14:00)二、企业参会，展位费用及服务内容：三、报名方式注意关注本站信息公告无特殊情况正常举办参会流程：最终决定参加——>提供单位名称，联系方式和联系人信息——>单位提供相关资料。联 系 人：高老师四、北京国际会议中心地址及交通路线：乘车路线：386路、407路、490路、645路、658路、660路、740内环、740外环、740外公益西桥、983路、快速直达专线147路、快速直达专线7路、运通113路 至亚运村站下车。82路、419路、538路、645路 至国家体育场东（鸟巢）站下车地铁8号线 奥体中心站、地铁5号线惠新西街北口站 下车"},
{"title": "2019年2月23-24日2019年春节后首场北京国展大型人才招聘会", "start_time": "开始时间： 2019-02-23", "end_time": "结束时间： 2019-02-24", "city": "招聘城市： 北京", "address": "详细地址： 中国国际展览中心（老馆8号馆）", "url": "https://www.bjzph.com/beijingguozhanzhaopinhui/20181209/296690.html", "detail": "2019年春季国展人才招聘会尊敬的企业领导：为缓解2018年全国地区就业压力，更好的给企业和求职者搭建良好的招聘、求职平台，优化人才资源配置.由北京招聘会信息网（www.bjzph.com）主办的国展大型人才招聘会“2019年系列招聘会”在中国国际展览中心隆重召开，诚邀贵单位报名参会揽才、欢迎全国各市人才服务中心和人才机构组团参加！本次招聘会拟通过百度、58同城、北京高校毕业生就业信息网等知名媒体进行广泛宣传。◆举办单位：北京伯纳汇才人力资源顾问有限公司北京伯纳汇才企业管理咨询有限公司◆会议时间：2019年2月23-24日◆布展时间：招聘当天（8:00-9:00）◆招聘时间：9:00-16:00◆ 会议地点：中国国际展览中心（老馆8号馆）地址：朝阳区北三环东路6号◆提供的服务及收费标准：服务名称\t收费标准\t           提 供 服 务V展位\t4280元\t铺设地毯，门楣制作、一桌两椅，两人两天午餐、饮料。A展位\t3980元\t铺设地毯，门楣制作、一桌两椅，两人两天午餐、饮料。◆会议规模：拟设展位200个官方网站：www.bjzph.com★黄金时段：根据我们的大数据统计，每年春节3月左右是求职人员应聘高峰，是企业招聘的黄金时段，所以您选择3月北京招聘会没错的！★知名品牌：“国展招聘会”，解决了北京地区数十万单位的招聘需求，已成为北京地区最大的综合人才招聘市场、最知名的人才服务平台！★专业服务：我们具有十余年北京招聘会策划组织经验，对报名参会的企业分配专属销售专员，为客户提供优良的服务，解决您会前、会中、会后的所有问题！★报名办法：单位持营业执照副本复印件、单位介绍信、经办人员身份证及会务费办理参会手续，额满为止。★电子会刊截止时间：1.会刊内容，由参展企业提供文本电子版，发送至组委会QQ。2.会刊截止时间招聘会当天的前一周，到截止日未能提供内容稿件的企业，不能享受此项服务。注意事项：增加餐饮50元/人，增加电源150元/个（限额定功率：200W以下、需提前申请）。注意关注本站信息公告无特殊情况正常举办参会流程：最终决定参加——>提供单位名称，联系方式和联系人信息——>单位提供相关资料。联 系 人：高老师地址：朝阳区北三环东路6号中国国际展览中心（8号馆）乘车路线：18路; 95路; 127路; 130路; 132路; 300快内; 300快外; 300内; 300外; 302路; 379路; 419路; 467路; 536路; 596路; 641路; 671路; 847路; 848路; 984路; 985路; 特8内;静安庄站下地铁10号线三元桥站D口出西北方向，家乐福旁边。为了客户方便我们公司代理制作：易拉宝、彩色印刷、宣传设计、写真喷绘、展架制作、展板制作、灯箱广告、条幅等（价格QQ咨询）"},
{"title": "2019年2月23-24日2019新春首场北京农展大型人才招聘会", "start_time": "开始时间： 2019-02-23", "end_time": "结束时间： 2019-02-24", "city": "招聘城市： 北京", "address": "详细地址： 全国农业展览馆3号馆 ", "url": "https://www.bjzph.com/beijingnongzhanzhaopinhui/20181209/296691.html", "detail": "尊敬的HR：为缓解2019年全国地区就业压力，更好的给企业和求职者搭建良好的招聘、求职平台，优化人才资源配置.由北京招聘会信息网（www.bjzph.com）主办的农展招聘会“2019年春季系列招聘会”. 我司拟定于在全国农业展览馆举办“大型综合人才招聘会暨大学生就业招聘会”。非常感谢您长期以来对“农展招聘会”的支持和信任！◆举办单位：北京伯纳汇才企业管理咨询有限公司北京伯纳汇才人力资源顾问有限公司北京东方汇佳人才服务有限公司◆会议时间：（9:00-16:00）◆布展时间：（8:00-9:00）◆会议地点：全国农业展览馆3号馆地址：北京市朝阳区东三环北路16号乘车路线：113、115、302、402、405、957、300、730、特8等农展馆下车地铁：10号线全国农业展览馆站下车。◆会议规模：招聘会拟设展位100家◆服务及收费标准：A展位 3980 2M×2M展位v展位 4980 3M×2M展位标准服务:门楣制作、一桌两椅、射灯、二人餐饮、免费印制企业招聘信息（招聘内容1500字以内）官方网站：www.bjzph.com★媒体宣传：《北京招聘会信息网》、《百度推广》、《前程无忧》、《58同城》、《首都人才网》、《全国招聘会网》、等媒体及全国各院校广泛宣传，热忱欢迎国内知名公司以及外资企业光临参会！本场招聘会可招聘销售营销类职位、IT技术类、医药化工医疗器械类、酒店旅游类、加工制造类、中高级技工类、外贸外语翻译类、环境环保类、房产建筑类、教育培训、网络技术、等人才招聘的需求、了解更多信息联系我们咨询。★知名品牌：“农展招聘会”1995年以来长期举行大型招聘会，解决了北京地区数十万单位的招聘需求，已成为北京地区最大的综合人才招聘市场、最知名的人才服务平台！★专业服务：我们具有二十余年北京招聘会策划组织经验，对报名参会的企业分配专属销售专员，为客户提供优良的服务，解决您会前、会中、会后的所有问题！★会刊截止时间：2019年2月16日◆ 报名办法：参会单位持营业执照副本复印件、单位介绍信、经办人身份证、招聘信息稿件及会务费即日报名，领取参会证件等， 额满为止。在我中心报名企业可以提前在北京招聘会信息网（www.bjzph.com）免费刊登招聘信息、微信公众号推广。企业请发至邮箱。邮 箱：bjzph@bjzph.com注意关注本站信息公告无特殊情况正常举办参会流程：最终决定参加——>提供单位名称，联系方式和联系人信息——>单位提供相关资料。◆ 注意事项：1、根据《劳动法》相关条款规定，在招聘过程中不能对求职者有歧视行为，包括性别、户籍、民族等。2、根据国家有关规定，参会单位在参会期间及会后与本会相关的招聘活动中，不得以任何方式向应聘个人收取任何费用。3、参展单位请于开会当日上午8：30准时入场。4、如需增加餐饮及安装电源的单位需在报名时提前办理，增加餐饮（每人50元）、安装电源插座（150元）。5、参会单位人员请保管好自己随身物品及文件资料等。为了客户方便我们公司代理制作：易拉宝、彩色印刷、宣传设计、写真喷绘、展架制作、展板制作、灯箱广告、条幅等（价格QQ咨询）"},
{"title": "2019年2月13日河南省2019年春节后首场5万人大型招聘会", "start_time": "开始时间： 2019-02-13", "end_time": "结束时间： 2019-02-13", "city": "招聘城市： 郑州", "address": "详细地址： 郑州市体育馆（人民路商城路向北200米路东丹尼斯旁边）", "url": "https://www.bjzph.com/zhengzhou/20181222/297465.html", "detail": "2月13日河南省2019年春节后首场5万人大型招聘会“河南人气更佳，效果更好的招聘会” 地铁口 黄金位置郑州市体育馆招聘会地处郑州市中心人民路1号，周围紧邻火车站、二七广场、亚细亚、百货大楼、紫荆山、人民公园，是郑州市中心唯一的大型招聘会场馆，也是郑州市地理位置最佳、人流最集中的招聘会场馆。是由郑州市人力资源和社会劳动保障局批准，郑州市指南传媒有限公司打造的大型综合人才招聘会。联合各类人才服务机构打造“现场+网络+报纸+人才推荐”一站式招聘平台。通过广播电视、报纸、网络媒体、线下宣传等渠道推广，每场有上千岗位提供、1万余名英才参会，岗位行业涉及：医药、汽车、化工、房产、物流、金融、软件、教育培训、汽车、餐饮、广告、工业、美容日化、电子商务、制造、新媒体、建筑、建材、商贸、能源等各个行业，在河南地区求职者与招聘单位群体中有着良好的口碑，是用人单位招聘和广大求职人员求职的首选渠道！2019年河南春节后万人大型招聘会时间安排:2月13日（正月初九）周三 --河南省2019年首场5万人大型招聘会2月15日（正月十一）周五2月20日（正月十六）周三 --元宵节后首场大型招聘会2月22日（正月十八）周五2月27日（正月廿三）3月06日（周三）3月13日（周三）二、参会地址：郑州市体育馆（人民路商城路向北200米路东丹尼斯旁边）三、大会组织单位：郑州市青年创业就业服务中心、河南广播电视台新闻广播郑州指南人力资源服务有限公司、郑州指南人才市场四、收费标准：1、标准展位1400元3场，vip展位1600元3场，赠送1个月网站招聘2、标准展位1800元5场，vip展位2100元5场，赠送2个月网站招聘3、标准展位2400元8场，vip展位3000元8场，赠送3个月网站招聘4、标准展位3000元10场，vip展位3600元10场，赠送3个月网站招聘以上活动截止日期为：12月29日（所有场次一年有效期，企业可以根据需求任意选择场次参加）qq：1587610094乘车路线：①1号地铁线人民路站出口即到②152路、178路、2路、518路、52路、58路、65路、89路、B17路到市体育场站即到③100路、101路、109路、257路、26路、312路、37路、520路、57路、82路、88路、900路、909路、909区间、98路、9路到工人新村站即到五、大会宣传：1、  通过河南广播电台、东方今报、河南商报、大河报等发布新闻预告及广告宣传；2、  通过百度推广及百度开放平台推广；3、  河南省138所高校校园网站宣传、校广播电台广播宣传、高校就业办联合宣传；4、  通过人才周刊报，都市信息报等省内各类专业人才报宣传；5、  通过腾讯QQ、微信、微博等新媒体宣传推广；6、  通过五八、赶集、百姓、中国招聘会网、应届毕业生网、中州人才网、博思人才网等各类人才服务网站宣传。7、  郑州地区各高校校园网站、校园广播宣传，市区公交站牌广告宣传。六、服务内容及收费标准（一）求职人员参展：所有求职人员免费入场，求职意向表免费加入郑州人力资源市场人才库、免费推荐工作。（二）企业参展：1、提供现场招聘摊位1个（2*2米）、桌椅、免费制作海报、免费提供求职登记表、笔、 饮用水、两人午餐。2、报名二场以上现场招聘会送会员，会员单位免费提供网络招聘，免费推荐人才简历。七、招聘单位须知：1、招聘单位需提前预定展位，郑州市内企业免费上门办理手续；外地企业可转账预定展位、现场办理手续；2、招聘单位需提供加盖公章的单位营业执照副本复印件以及经办人身份证复印件；500字招聘招聘信息3、参会单位工作人员于当天上午8：30－9：00签到，领取工作证，凭证进场，按指定位置参展。温馨提示：欢迎广大求职者免费入场应聘(入场时间：8:30-----13:00)，如果求职者未找到合适工作可以将简历资料投递给组委会一份，组委会会建立档案库并免费为您推荐合适工作。qq：1587610094"},
{"title": "2018年12月19日全国人力资源市场高校毕业生就业服务周活动暨鄂尔多斯生态环境职业学院校园招聘会", "start_time": "开始时间： 2018-12-19", "end_time": "结束时间： 2018-12-19", "city": "招聘城市： 鄂尔多斯", "address": "详细地址： 鄂尔多斯生态环境职业学院图文信息楼二楼 ", "url": "https://www.bjzph.com/eerduosi/20181214/296987.html", "detail": "为深入贯彻落实十九大精神，做好高校毕业生就业工作，充分发挥市场在人力资源配置中的决定性作用和更好发挥政府作用，积极引导高校毕业生实现更高质量就业；鼓励各类用人单位吸纳毕业生，使企业以校园直选的形式进行自我宣传与人才招聘，进一步加强校企合作，搭建更宽广的就业平台；让更多的学生近距离的了解企业，给学生提供更加广泛的就业选择机会。鄂尔多斯生态环境学院、鄂尔多斯市人力资源和社会保障局将联合举办“2018年全国人力资源市场高校毕业生就业服务周活动暨鄂尔多斯生态环境职业学院校园招聘会”。现将有关事宜通知如下：一、主办和承办单位主办单位：鄂尔多斯生态环境职业学院鄂尔多斯市人力资源和社会保障局承办单位：鄂尔多斯市人力资源公共服务中心二、时间与地点时间：2018年12月19日（星期三）上午地点：鄂尔多斯生态环境职业学院图文信息楼二楼三、招聘会规模预计将吸引全市及毗邻省（区）、市的企业经营管理人员、专业技术人员、应往届高校毕业生等近千余名求职者参加。鄂尔多斯生态环境职业学院图文信息楼二楼共设展位40个，诚邀各类企事业、公司单位参加，招聘展位从即日起开始报名，报满为止。四、服务内容1、为参会用人单位和求职者双方免费提供交流洽谈服务场所，提供人才E站、网上求职超市等高端智能电子设备求职平台，服务广大求职者求职；2、负责发布用人单位及岗位信息，组织求职人员进场与用人单位开展交流活动；3、根据企业和人才提供的招聘、求职信息，定期在鄂尔多斯人才网及其他有关媒体上发布；4、为高校毕业生及各类人才提供全程跟踪就业服务及创业服务。注意事项1、招聘海报由主办方统一制作，企业网络报名选取展位后下载附件即将海报信息发送至2108666255@qq.com，海报内容接收2018年12月14日下午4：00截至2、参会单位应遵守相关法律、法规的规定，不得以任何形式向求职人员收取任何费用。3、参会单位切勿将应聘简历、求职信等文本资料遗失在会场。4、参会单位不得私自将所办理展位转卖他人或与其他单位。5、用人单位及求职者禁止在场馆内吸烟、粘贴海报。6、求职者请携带二代身份证参会求职。"}